{
  "version": 1,
  "author": "Jaska Jokunen",
  "editor": "wokwi",
  "parts": [
    { "type": "wokwi-esp32-devkit-v1", "id": "esp", "top": 39.47, "left": -189.56, "attrs": {} },
    {
      "type": "wokwi-hc-sr04",
      "id": "ultrasonic1",
      "top": -53.71,
      "left": -376.41,
      "rotate": 270,
      "attrs": { "distance": "19" }
    },
    {
      "type": "wokwi-led",
      "id": "led1",
      "top": 30.65,
      "left": -224.88,
      "attrs": { "color": "red" }
    },
    {
      "type": "wokwi-resistor",
      "id": "r1",
      "top": 132.77,
      "left": -231.84,
      "rotate": 90,
      "attrs": { "value": "220" }
    },
    {
      "type": "wokwi-led",
      "id": "led2",
      "top": 24.98,
      "left": -31.28,
      "attrs": { "color": "blue", "flip": "" }
    },
    {
      "type": "wokwi-resistor",
      "id": "r2",
      "top": 111.96,
      "left": -35.39,
      "rotate": 90,
      "attrs": { "value": "220" }
    },
    {
      "type": "wokwi-resistor",
      "id": "r3",
      "top": 111.95,
      "left": -73.38,
      "rotate": 90,
      "attrs": { "value": "6800" }
    },
    {
      "type": "wokwi-resistor",
      "id": "r4",
      "top": 38.62,
      "left": -72.71,
      "rotate": 90,
      "attrs": { "value": "3300" }
    }
  ],
  "connections": [
    [ "esp:TX0", "$serialMonitor:RX", "", [] ],
    [ "esp:RX0", "$serialMonitor:TX", "", [] ],
    [ "led1:C", "esp:GND.2", "black", [ "v0" ] ],
    [ "led1:A", "r1:1", "green", [ "h-1.98", "v36.12" ] ],
    [ "r1:2", "esp:D2", "yellow", [ "v0" ] ],
    [ "r2:2", "esp:D4", "yellow", [ "v0" ] ],
    [ "led2:A", "r2:1", "green", [ "v0" ] ],
    [ "r3:1", "r4:2", "green", [ "h0" ] ],
    [ "ultrasonic1:VCC", "esp:VIN", "red", [ "h-1.18", "v93.58", "h-132.59", "v94.4" ] ],
    [ "r3:2", "esp:GND.1", "black", [ "h-0.18", "v31.75" ] ],
    [ "esp:GND.1", "ultrasonic1:GND", "black", [ "h-142.79", "v-208.48" ] ],
    [ "esp:GND.1", "led2:C", "black", [ "h0" ] ],
    [ "ultrasonic1:ECHO", "r4:1", "gold", [ "v0.69", "h203.55" ] ],
    [ "esp:D5", "r3:1", "green", [ "h29.94", "v-45.69" ] ],
    [ "ultrasonic1:TRIG", "esp:D18", "green", [ "h178.38", "v49.08" ] ]
  ],
  "serialMonitor": { "display": "terminal", "newline": "lf" },
  "dependencies": {}
}