{
  "version": 1,
  "author": "Tharun kumar K",
  "editor": "wokwi",
  "parts": [
    {
      "type": "wokwi-esp32-devkit-v1",
      "id": "esp",
      "top": 23.61,
      "left": 45.52,
      "attrs": { "builder": "rust-std-esp" }
    },
    {
      "type": "wokwi-photoresistor-sensor",
      "id": "ldr1",
      "top": 182.59,
      "left": -351.38,
      "attrs": {}
    },
    {
      "type": "wokwi-led",
      "id": "led2",
      "top": 11.8,
      "left": 198.75,
      "attrs": { "color": "red" }
    },
    {
      "type": "wokwi-resistor",
      "id": "r1",
      "top": 94.9,
      "left": 177.43,
      "attrs": { "value": "1000" }
    },
    {
      "type": "wokwi-resistor",
      "id": "r2",
      "top": 136.26,
      "left": 219.28,
      "attrs": { "value": "1000" }
    },
    {
      "type": "wokwi-led",
      "id": "led1",
      "top": 41.97,
      "left": 278.55,
      "attrs": { "color": "yellow" }
    },
    {
      "type": "wokwi-led",
      "id": "led3",
      "top": 101.84,
      "left": 324.06,
      "attrs": { "color": "limegreen" }
    },
    {
      "type": "wokwi-resistor",
      "id": "r3",
      "top": 181.94,
      "left": 253.07,
      "attrs": { "value": "1000" }
    }
  ],
  "connections": [
    [ "esp:TX0", "$serialMonitor:RX", "", [] ],
    [ "esp:RX0", "$serialMonitor:TX", "", [] ],
    [ "esp:D32", "ldr1:AO", "green", [ "h0" ] ],
    [ "ldr1:DO", "esp:D15", "#8f4814", [ "h0" ] ],
    [ "ldr1:GND", "esp:D19", "gold", [ "h0" ] ],
    [ "ldr1:VCC", "esp:3V3", "red", [ "h0" ] ],
    [ "led2:C", "esp:GND.1", "magenta", [ "v0" ] ],
    [ "esp:D5", "r1:1", "green", [ "h0" ] ],
    [ "r1:2", "led2:A", "green", [ "v0" ] ],
    [ "esp:D4", "r2:1", "green", [ "h0" ] ],
    [ "led1:A", "r2:2", "green", [ "v0" ] ],
    [ "led1:C", "esp:GND.1", "magenta", [ "v0" ] ],
    [ "esp:D2", "r3:1", "green", [ "h0" ] ],
    [ "r3:2", "led3:A", "green", [ "v0" ] ],
    [ "led3:C", "esp:GND.1", "green", [ "v0" ] ]
  ],
  "serialMonitor": { "display": "terminal" },
  "dependencies": {}
}