{
  "version": 1,
  "author": "yaniv maor",
  "editor": "wokwi",
  "parts": [
    { "type": "wokwi-esp32-devkit-v1", "id": "esp", "top": 55.82, "left": -240.8, "attrs": {} },
    { "type": "wokwi-servo", "id": "servo1", "top": 88.15, "left": -76.94, "attrs": {} },
    {
      "type": "wokwi-led",
      "id": "led1",
      "top": 37.14,
      "left": -345.5,
      "attrs": { "color": "red" }
    },
    {
      "type": "wokwi-led",
      "id": "led2",
      "top": 27.21,
      "left": -394.12,
      "attrs": { "color": "limegreen" }
    },
    {
      "type": "wokwi-potentiometer",
      "id": "pot1",
      "top": 239.78,
      "left": -419.22,
      "rotate": 270,
      "attrs": {}
    }
  ],
  "connections": [
    [ "esp:TX0", "$serialMonitor:RX", "", [] ],
    [ "esp:RX0", "$serialMonitor:TX", "", [] ],
    [ "servo1:GND", "esp:GND.1", "black", [ "h-12.27", "v71.38" ] ],
    [ "servo1:PWM", "esp:D25", "green", [ "h-190.49", "v127.44" ] ],
    [ "esp:3V3", "servo1:V+", "red", [ "v0.36", "h33.1", "v-187.77" ] ],
    [ "led1:A", "esp:D33", "green", [ "v0" ] ],
    [ "esp:GND.2", "led1:C", "black", [ "h0" ] ],
    [ "esp:D32", "led2:A", "green", [ "h0" ] ],
    [ "led2:C", "esp:GND.2", "black", [ "v0" ] ],
    [ "pot1:SIG", "esp:D26", "green", [ "h57.88", "v-105.19" ] ],
    [ "pot1:GND", "esp:GND.2", "black", [ "h84.2", "v-45.92" ] ],
    [ "pot1:VCC", "esp:3V3", "red", [ "h0" ] ]
  ]
}